title,organization,location,salary,starting_date,published_date,tags
R0065806 Program Technician - Forages,University of Arkansas Cooperative Extension Service (State),"2301 S University Avenue (Little Rock, Arkansas)",Commensurate / Negotiable,after 2/24/2025,01/23/2025,N/A
Continuing Education - Master's degrees for Natural Resources Professionals,Frostburg State University (State),"Frostburg State University (Frostburg, Maryland)","starting at $2,500 per year",between 8/11/2025 and 8/25/2025,01/17/2025,Graduate Opportunities
Master Naturalist,Swan Valley Connections (Private),"Condon, Montana",none,after 8/16/2025,11/12/2024,"Graduate Opportunities, Undergraduate Opportunities"
Masters Thesis opportunity working with the Rio Grande Cooter,Eastern New Mexico Unviersity (Federal),"1500 South Avenue K (Portales, New Mexico)","up to $20,000 per year",after 8/15/2025,06/17/2025,"Graduate Opportunities, Grant"
Master’s Positions in Environmental Sciences at University of South Alabama,University of South Alabama (State),"Mobile, Alabama",Commensurate / Negotiable,after 8/17/2025,06/16/2025,Graduate Opportunities
Environmental Education and Science Communication Fellows - Masters Degree,University of Idaho - McCall Outdoor Science School (State),"McCall, Idaho",none,8/13/2025,05/22/2025,Graduate Opportunities
Environmental Education and Science Communication Fellows - Masters Degree,University of Idaho - McCall Outdoor Science School (State),"McCall, Idaho",none,8/13/2025,05/08/2025,N/A
Master in Environmental Management Degree,Western Colorado University (State),"Gunnison, Colorado | remote work allowed",none,after 7/1/2025,10/01/2024,Graduate Opportunities
PhD and MS Positions in Water Security and Sustainability,"WESA Lab, Texas A&M University - Corpus Christi (State)","6300 Ocean Drive (Corpus Christi, Texas)",Commensurate / Negotiable,after 8/25/2025,06/03/2025,Graduate Opportunities
PhD Research Assistantship - Feral Swine Ecology and Management,Texas Tech University (State),"Lubbock, Texas","starting at $22,000 per year",after 9/1/2025,05/30/2025,Graduate Opportunities
"*Quebec, Canada* Funded MSc and PhD opportunities in Ecology",University of Sherbrooke (Private),"Sherbrooke, Canada","$20,000 to $25,000 per year",between 5/1/2026 and 9/1/2026,05/21/2025,Graduate Opportunities
PhD Graduate Research Assistantship: Virtual Fence – Range Cattle,University of Idaho (State),"Salmon, Idaho","starting at $31,000 per year",between 5/30/2025 and 8/18/2025,05/05/2025,Graduate Opportunities
"PhD Student, Movement Ecology of Midcontinent Mallards, Arkansas",University of Arkansas Monticello (State),"110 University Court (Monticello, Arkansas)","$30,000 to $32,500 per year",between 8/18/2025 and 1/12/2026,04/04/2025,Graduate Opportunities
"PhD Graduate Assistantship, Avian Community and Population Responses to Northern Bobwhite Management",Tarleton State University (State),"Box T-0050 (Stephenville, Texas)","starting at $30,000 per year",after 8/15/2025,03/27/2025,Graduate Opportunities
PhD Assistantship - Fisheries Science,"Department of Natural Resource Management, South Dakota State University (State)","200 US-14 BYP, Brookings, SD 57006, USA (Brookings, South Dakota)","$29,000 to $31,000 per year",between 5/20/2025 and 7/21/2025,02/03/2025,Graduate Opportunities
Graduate Student Position - seasonal bat health dynamics at Auburn University,Auburn University (State),"College of Forestry, Wildlife and Environment (Auburn, Alabama)","$23,500 to $26,500 per year",between 1/1/2026 and 1/7/2026,05/21/2025,Graduate Opportunities
Graduate Student Work Study Positions,Antioch University (Private),remote work allowed,starting at $16 per hour,after 8/25/2025,06/16/2025,Graduate Opportunities
"M.S. (Biology) Graduate Research Assistantship Positions in Herpetology, Spatial Ecology, and Behavioral Ecology",West Texas A&M University (State),"West Texas A&M University (Canyon, Texas)","$26,159 to $27,794 per year",after 1/1/2026,06/12/2025,Graduate Opportunities
M.S. Graduate Assistantship – Deer population demographics prior to elk reintroduction,Bemidji State University (State),"Bemidji, Minnesota","starting at $28,000 per year",after 8/20/2025,06/10/2025,Graduate Opportunities
MS - Assistantship - Migratory Game Bird Wintering Habitat Assessment - Graduate Research Assistant II,Sul Ross State University (State),"Alpine, Texas","$1,500 per month",after 8/15/2025,06/10/2025,Graduate Opportunities
Graduate Assistantship (M.S.) - Forestry/Forest Biometrics,"University of Tennessee, School of Natural Resources (State)","University of Tennessee (Knoxville, Tennessee)","$21,000 to $28,000 per year",after 8/18/2025,06/04/2025,Graduate Opportunities
"Ph.D. or M.S. Graduate Research Assistantship – Physical, Ecological, and Social Dynamics of South Carolina Tidal Trunks",Clemson University (State),multiple,"$22,000 to $25,000 per year",8/18/2025,06/03/2025,Graduate Opportunities
Ph.D. or M.Sc.- Graduate Assistantship in American Black Duck Movement Ecology,University of Rhode Island (State),"University of Rhode Island (Kingston, Rhode Island)","up to $43,000 per year",after 1/1/2026,05/30/2025,Graduate Opportunities
MS - Assistantship - Wetland Habitat Dynamics in the Chihuahuan Desert - Graduate Research Assistant II,Sul Ross State University (State),"Alpine, Texas","$1,500 per month",after 8/15/2025,05/29/2025,Graduate Opportunities
Graduate Assistantship in Environmental Microbiology,Georgia Southern University (State),"Georgia Southern University (Statesboro, Georgia)","$14,000 to $28,000 per year",after 8/13/2025,04/09/2025,Undergraduate Opportunities
Graduate Research Assistant--Bat Ecology and Conservation,Texas Tech University (State),"TTU Natural Resources Management 2903 15th Street 2903 15th Street (Lubbock, Texas)","$18,000 to $22,000 per year",between 5/1/2025 and 8/31/2025,02/07/2025,Graduate Opportunities
Graduate Research Assistant/Ant Colony Impacts on Ecosystems,University of Texas at Tyler (State),"University of Texas at Tyler (Tyler, Texas)","$21,000 per year",after 1/15/2026,08/29/2024,"Graduate Opportunities, Grant"
Ph.D. and M.S. GRAs: Aquatic Ecology and Harmful Algal Blooms,Auburn University (State),"Auburn University, Alabama","$30,000 to $35,000 per year",between 1/1/2025 and 12/31/2025,11/20/2024,Graduate Opportunities
Several MS positions in Applied Ecology and Conservation Biology - Frostburg State University,Frostburg State University (State),"Frostburg State University (Frostburg, Maryland)","$9,000 to $15,000 per year",between 8/11/2025 and 8/18/2025,01/17/2025,Graduate Opportunities
"PhD in Fisheries, Wildlife, and Conservation Sciences: Developing multi-method approaches for landscape-scale sampling of small mammals",Oregon State University (State),"Oregon State University (Corvallis, Oregon)","$30,000 to $33,000 per year",after 1/5/2026,06/09/2025,Graduate Opportunities
Assistant/Associate Professor in Wildlife Disease Epidemiology,Caesar Kleberg Wildlife Research Institute (State),"700 University Blvd. (Kingsville, Texas)",Commensurate / Negotiable,after 1/15/2026,06/12/2025,Faculty / Post-Doc Appointments
Lead Field Instructor,Wildlands Studies (Private),International/Varies,Commensurate / Negotiable,after 8/1/2025,05/15/2025,N/A
Assistant Professor - Biological & Environmental Sciences,Texas A&M University-Commerce (State),Commerce Tx (Texas),Commensurate / Negotiable,after 11/12/2024,11/12/2024,N/A
Summer Avian Field Technician,Kansas State University (State),"McPherson, Kansas","$2,000 to $2,500 per month",between 6/13/2025 and 6/30/2025,06/16/2025,Undergraduate Opportunities
MS Research Assistant - Natural Resource Sciences,North Dakota State University (State),"North Dakota State University (Fargo, North Dakota)","up to $22,000 per year",after 8/1/2025,06/02/2025,Graduate Opportunities
Extension Instructor or Open Rank Extension Educator Livestock Systems (Brown County),Nebraska Extension - University of Nebraska-Lincoln (State),"Ainsworth, Nebraska",Commensurate / Negotiable,between 6/26/2025 and 12/31/2025,05/28/2025,"Faculty / Post-Doc Appointments, Graduate Opportunities, Undergraduate Opportunities"
Assistant/Associate Professor of Practice,Texas Tech University (Federal),"1308 Boston Ave, Lubbock, TX 79409, USA (Lubbock, Texas)",Commensurate / Negotiable,after 1/1/2026,05/20/2025,Faculty / Post-Doc Appointments
"University of Tennessee, Knoxville M.S. in Wildlife and Fisheries Science – Communities Associated with Aquatic Habitat Restoration","University of Tennessee, Knoxville - School of Natural Resources, Fisheries (State)","University of Tennessee (Knoxville, Tennessee)","starting at $35,000 per year",before 8/15/2025,04/25/2025,Graduate Opportunities
Postdoctoral Fellow-Ecological Economist,Mote Marine Laboratory (Private),"1600 Ken Thompson Pkwy (Sarasota, Florida)",Commensurate / Negotiable,between 6/30/2025 and 9/1/2025,05/20/2025,Faculty / Post-Doc Appointments
Natural Resource Specialist 3 (Oregon Conservation and Recreation Fund Coordinator),Oregon Department of Fish and Wildlife (State),"Salem, Oregon","$5,325 to $8,148 per month",after 6/30/2025,06/18/2025,N/A
Professional Certificate - Conservation Planning,Center for Wildlife Studies (Private),remote work allowed,none,between 7/7/2025 and 6/16/2026,06/18/2025,"Graduate Opportunities, Undergraduate Opportunities"
"Associate/Full Professor, Infectious Disease of Wildlife with Emphasis on Elk Hoof Disease",Washington State University (State),"Washington State University (Pullman, Washington)",Commensurate / Negotiable,before 1/1/2026,06/11/2025,Faculty / Post-Doc Appointments
GRA Opportunity in Veterinary Virology and Immunology,University of Tennessee (State),"2407 River Drive (Knoxville , Tennessee)","starting at $35,000 per year",after 8/18/2025,06/09/2025,Graduate Opportunities
M.S. Assistantship – Artificial Reef Research: South Texas,University of Texas Rio Grande Valley (State),"One West University Blvd. (Brownsville, Texas)","$1,333 per month",between 7/21/2025 and 9/1/2025,06/03/2025,Graduate Opportunities
Assistant Professor of Avian Ecology and Management,New Mexico State University (State),"New Mexico State University (Las Cruces, New Mexico)",Commensurate / Negotiable,after 8/18/2025,04/03/2025,Faculty / Post-Doc Appointments
"Postdoctoral Research Associate, Waterfowl Movement Ecology, Univ of Arkansas",University of Arkansas Monticello (State),"110 University Court (Monticello, Arkansas)","$48,000 to $52,000 per year",between 8/4/2025 and 9/15/2025,04/04/2025,Faculty / Post-Doc Appointments
Research Associate,University of Arkansas at Pine Bluff (State),"1200 North University Drive (Pine Bluff, AR 71601, Arkansas)","$35,000 to $45,000 per year",after 8/1/2025,05/28/2025,N/A
Ph.D. Research Assistantship in Fisheries Conflict and Food Security - Start date Fall 2025 or Spring 2026,University of Massachusetts Dartmouth (State),"New Bedford, Massachusetts","$26,700 to $41,694 per year",after 1/1/2026,06/09/2025,Graduate Opportunities
M.S. Research Assistantship in Manta Ray Conservation and Bycatch Mitigation,University of Massachusetts Dartmouth (State),"New Bedford, Massachusetts","$24,700 to $34,675 per year",after 9/1/2025,06/09/2025,Graduate Opportunities
TPWD - Natural Resources Specialist III (Texas Nature Trackers Biologist) (00050433),Texas Parks and Wildlife Department (State),"Boerne, TX or a TPWD office location within 150 miles of Boerne, TX and within the position’s area of focus being the south and west portions of the state, from the Trans-Pecos to South Texas and the Gulf Coast. (Texas)","$5,824.14 per month",after 8/1/2025,06/18/2025,N/A
TPWD - Program Specialist V (Wildlife Region 1 Fire Coordinator) (00049465),Texas Parks and Wildlife Department (State),"Within 100 miles radius of Matador WMA, 3036 FM 3256, Paducah, TX in Wildlife Region 1 or 406 US Hwy 60, Canyon, TX (Texas)","$6,776.85 per month",after 8/1/2025,06/06/2025,N/A
MICROPLASTIC POLLUTION AND ECOTOXICOLOGY,Center for Wildlife Studies (Private),remote work allowed,none,after 6/2/2025,05/29/2025,N/A
APPLIED PROJECTS THROUGH CWS,Center for Wildlife Studies (Private),remote work allowed,none,after 6/2/2025,05/28/2025,N/A
ONLINE COURSE: MULTIVARIATE ECOLOGICAL COMMUNITY ANALYSIS I,Center for Wildlife Studies (Private),remote work allowed,none,after 6/2/2025,05/28/2025,N/A
ONLINE COURSE: INTRODUCTION TO OCCUPANCY MODELING,Center for Wildlife Studies (Private),remote work allowed,none,after 6/2/2025,05/28/2025,N/A
ONLINE COURSE: ADVANCED OCCUPANCY MODELING,Center for Wildlife Studies (Private),remote work allowed,none,after 6/2/2025,05/28/2025,N/A
ONLINE COURSE: MULTIVARIATE ECOLOGICAL COMMUNITY ANALYSIS II,Center for Wildlife Studies (Private),remote work allowed,none,after 6/2/2025,05/28/2025,N/A
ONLINE COURSE: MODEL AVERAGING IN ECOLOGY,Center for Wildlife Studies (Private),remote work allowed,none,after 6/2/2025,05/28/2025,N/A
ONLINE COURSE: BAYESIAN HIERARCHICAL MODELING,Center for Wildlife Studies (Private),remote work allowed,none,after 6/2/2025,05/28/2025,N/A
ONLINE COURSE: R BOOT CAMP FOR ECOLOGISTS AND WILDLIFE BIOLOGISTS,Center for Wildlife Studies (Private),remote work allowed,none,after 6/2/2025,05/28/2025,N/A
ONLINE COURSE: RESEARCH DESIGN,Center for Wildlife Studies (Private),remote work allowed,none,after 6/2/2025,05/28/2025,N/A
ONLINE COURSE: INTRODUCTION TO ECOLOGICAL STATISTICS AND MODELING,Center for Wildlife Studies (Private),remote work allowed,none,after 6/2/2025,05/28/2025,N/A
ONLINE COURSE: INTRODUCTION TO BAYESIAN MODELING IN ECOLOGY,Center for Wildlife Studies (Private),remote work allowed,none,after 6/2/2025,05/28/2025,N/A
ONLINE COURSE: INTRODUCTION TO U.S. WILDLIFE LAW & POLICY,Center for Wildlife Studies (Private),remote work allowed,none,after 7/7/2025,05/28/2025,N/A
ONLINE COURSE: WILDLIFE RESEARCH IN HUMAN-DOMINATED LANDSCAPES,Center for Wildlife Studies (Private),remote work allowed,none,after 7/7/2025,05/28/2025,N/A
ONLINE COURSE: PROJECT MANAGEMENT FOR THE BIOLOGICAL SCIENCES,Center for Wildlife Studies (Private),remote work allowed,none,after 7/7/2025,05/28/2025,N/A
ONLINE COURSE: CAMERA TRAPPING FOR WILDLIFE RESEARCH & MONITORING,Center for Wildlife Studies (Private),remote work allowed,none,after 7/7/2025,04/29/2025,N/A
ONLINE COURSE: PLANT ECOPHYSIOLOGY,Center for Wildlife Studies (Private),remote work allowed,none,after 6/2/2025,04/29/2025,N/A
Research and Monitoring Crew Leader (Open Pool),Colorado State University (State),"Fort Collins, Colorado","$44,023 to $50,150 per year",after 4/1/2025,12/06/2024,N/A
Senior Research and Monitoring Field Technician (Open Pool),Colorado State University (State),"Fort Collins, Colorado","$39,645 to $45,441 per year",after 4/1/2025,12/06/2024,N/A
Fisheries Research Scientist,Iowa State University (State),"Ames, Iowa",Commensurate / Negotiable,after 6/30/2025,06/09/2025,Faculty / Post-Doc Appointments
Ohio Division of Wildlife - Fisheries Biologist 2,Ohio Division of Wildlife (State),"1190 High St (Fairport Harbor, Ohio)",$26.72 to $35.31 per hour,after 6/2/2025,06/02/2025,N/A
Avian Ecology Postdoc,New Mexico State University (State),"New Mexico State University (Las Cruces, New Mexico)","starting at $55,000 per year",after 8/4/2025,05/29/2025,Faculty / Post-Doc Appointments
ONLINE COURSE: CAPTURE-MARK-RECAPTURE I,Center for Wildlife Studies (Private),remote work allowed,none,after 6/2/2025,05/28/2025,N/A
ONLINE COURSE: DISTANCE SAMPLING,Center for Wildlife Studies (Private),remote work allowed,none,after 6/2/2025,05/28/2025,N/A
ONLINE COURSE: BAYESIAN CAUSAL NETWORKS FOR COMPLEX MULTIVARIATE SYSTEMS,Center for Wildlife Studies (Private),remote work allowed,none,after 6/2/2025,05/28/2025,N/A
"ONLINE COURSE: GENERALIZED LINEAR, ADDITIVE, AND MIXED MODELS",Center for Wildlife Studies (Private),remote work allowed,none,after 6/2/2025,05/28/2025,N/A
ONLINE COURSE: FINANCING CONSERVATION,Center for Wildlife Studies (Private),remote work allowed,none,after 7/7/2025,05/28/2025,N/A
USDA-FS Fellowship in Forest Restoration Modeling,Oak Ridge Associated Universities (ORAU) (Private),remote work allowed,Commensurate / Negotiable,after 6/1/2025,05/15/2025,Graduate Opportunities
Senior Wildlife Biologist,SummitWest Environmental (Private),remote work allowed,starting at $38 per hour,after 5/13/2025,05/14/2025,N/A
Environmental Educator Intern,Nemours Wildlife Foundation (Private),"Yemassee, South Carolina",starting at $500 per week,after 8/4/2025,05/14/2025,"Graduate Opportunities, Undergraduate Opportunities"
Visiting Professor/Research Scientist - Big Game Ecology,Sul Ross State University (State),"Alpine, Texas",Commensurate / Negotiable,after 8/20/2025,05/08/2025,Faculty / Post-Doc Appointments
CWS Professional Certificate in Applied Quantitative Ecology,Center for Wildlife Studies (Private),remote work allowed,none,after 4/29/2025,04/29/2025,N/A
Trans-Pecos Texas Black Bear Research Technician,Borderlands Research Institute (State),Texas,$18 per hour,9/1/2025,03/28/2025,"Graduate Opportunities, Undergraduate Opportunities"
Southwest Texas Black Bear Capture Technician,Borderlands Research Institute (State),"207 Wildcat Dr, Del Rio, TX 78840, USA (Del Rio, Texas)",$18 per hour,9/15/2025,03/28/2025,"Graduate Opportunities, Undergraduate Opportunities"
ONLINE COURSES: DRONES FOR ECOLOGY AND DRONE PILOT PREP,Center for Wildlife Studies (Private),remote work allowed,none,after 6/3/2025,03/13/2025,N/A
Postdoctoral Researcher - Dolphin Research Center,Dolphin Research Center (Private),"Dolphin Research Center (Grassy Key, Florida)","starting at $47,500 per year",before 8/1/2025,11/22/2024,Faculty / Post-Doc Appointments
Junior Specialist – Hydro-Ecology Of Montane Streams and Meadows,University of California Davis (State),"Center for Watershed Sciences, University of California Davis (Davis, California)","$53,100 to $56,600 per year",between 10/18/2024 and 6/30/2025,10/18/2024,"Graduate Opportunities, Undergraduate Opportunities"
Prairie Grouse Conservation Internship - TEXAS,Fossil Rim Wildlife Center (Private),"2155 Co Rd 2008, Glen Rose, TX 76043, USA (Glen Rose, Texas)",starting at $300 per month,between 3/20/2026 and 4/20/2026,10/16/2024,N/A
Post-doctoral fellow - Movement and predator-prey analysis of Canada lynx and snowshoe hare,Trent University (State),"Trent University (Peterborough, Canada)",Commensurate / Negotiable,after 10/1/2024,09/10/2024,Faculty / Post-Doc Appointments
"Sea Turtle Rehabilitation, Conservation, and Education Internship",Karen Beasley Sea Turtle Rescue and Rehabilitation Center (Private),"Karen Beasley Sea Turtle Rescue and Rehabilitation Center (Surf City, North Carolina)",$120 per week,after 9/29/2025,06/16/2025,Undergraduate Opportunities
Wyoming Mule Deer Field Technician,University of Wyoming (State),"85JG3RVX+RF (Rock Springs, Wyoming)",$520 to $680 per week,between 10/10/2025 and 10/25/2025,06/12/2025,N/A
Coral Conservation and Reef Restoration Internship,Coral Restoration Foundation (Private),"89111 Overseas Highway (Tavernier, Florida)","$1,000 to $1,500 per month",9/1/2025,06/05/2025,"Graduate Opportunities, Undergraduate Opportunities"
East Foundation: Range and Wildlife Technicians,East Foundation (Private),"474 East Ranch Rd, Hebbronville, TX 78361, USA (Guerra, Texas)",starting at $15 per hour,between 9/10/2025 and 9/15/2025,06/05/2025,"Graduate Opportunities, Undergraduate Opportunities"
Land Steward Apprentice,Rob and Bessie Welder Wildlife Foundation (Private),"4H7M+G3 Sinton, TX, USA (Sinton, Texas)",$16.50 per hour,between 8/4/2025 and 8/30/2025,05/30/2025,"Graduate Opportunities, Undergraduate Opportunities"
Postdoctoral Research Associate- Fish Production above Barriers,USGS (Federal),"Athens, Georgia","starting at $58,656 per year",after 6/15/2025,05/15/2025,Faculty / Post-Doc Appointments
Post Doctoral Research Associate in Elk and Human Recreation Ecology,University of Wyoming (State),"Laramie, Wyoming","starting at $60,000 per year",between 9/15/2025 and 10/6/2025,05/15/2025,Faculty / Post-Doc Appointments
INTERDISCIPLINARY POST-DOCTORAL SCIENTIST POSITION (IN ECOSYSTEM DATABASE DEVELOPMENT & HUMAN DIMENSIONS),The Ohio State University (State),"Aquatic Ecology Laboratory (Columbus, Ohio)","$61,008 to $63,000 per year",between 6/1/2025 and 8/15/2025,05/07/2025,Faculty / Post-Doc Appointments
RESEARCH ASSOCIATE - Aquatic Ecology-Freshwater fish,Stephen F Austin State University (State),"Stephen F Austin State University (Nacogdoches, Texas)","$60,000 to $65,000 per year",after 8/1/2025,04/29/2025,N/A
Environmental Education Fellow,Osprey Wilds Environmental Learning Center (Private),"54165 Audubon Drive (Sandstone, Minnesota)",$225 to $275 per week,after 4/1/2025,03/18/2025,Graduate Opportunities
Academic Professional Track (Non-Tenure): Instructional Assistant Professor (Human Dimensions of Natural Resources),TAMU (State),"College Station, Texas",Commensurate / Negotiable,after 10/1/2024,09/26/2024,Faculty / Post-Doc Appointments
Academic Adviser - Paid Internship in South Africa,Bushveld Biodiversity Research Centre (Private),"5GG9+W3 Maasstroom, South Africa",Commensurate / Negotiable,between 8/28/2025 and 9/18/2025,06/16/2025,"Faculty / Post-Doc Appointments, Graduate Opportunities"
"Waterfowl Research Scientist, Ducks Unlimited National Headquarters","Ducks Unlimited, Inc. (Private)","1 Waterfowl Way (Memphis, Tennessee)",Commensurate / Negotiable,after 9/1/2025,05/30/2025,N/A
Postdoc - Ecology of Harmful Algal Blooms,Auburn University (State),"Auburn University, Alabama","starting at $55,000 per year",after 6/18/2025,06/11/2024,Faculty / Post-Doc Appointments
Postdoctoral Fellow (Utah State University),Utah State University (State),"Utah State University (Logan, Utah)","$60,000 to $65,000 per year",after 7/1/2025,06/16/2025,Faculty / Post-Doc Appointments
Data Scientist,Powdermill Nature Reserve (Private),"Powdermill Nature Reserve, 1795 Route 381 (Rector, Pennsylvania) | remote work allowed","$54,000 to $60,000 per year",between 8/4/2025 and 9/30/2025,06/16/2025,Faculty / Post-Doc Appointments
Conservatory Manager,"Department of Biology, Miami University, Ohio (State)","1601 University Boulevard (Hamilton, Ohio)","$60,000 to $64,000 per year",before 8/18/2025,06/13/2025,N/A
Precision Silviculture Analyst,The Westervelt Company (Private),"1400 Jack Warner Parkway NE (Tuscaloosa, AL 35404, Alabama)","$84,000 to $126,000 per year",after 6/30/2025,06/09/2025,Graduate Opportunities
Senior Range Ecologist/Certified Rangeland Manager (Natural Resources and Environmental Consulting),"Althouse & Meade, Inc. (Private)","HCWF+44 Paso Robles, CA, USA (Paso Robles, California)","$120,000 to $140,000 per year",after 2/4/2025,02/04/2025,N/A
Field Assistant working with wild parrots and macaws in Tambopata PERU,The Macaw Society (Private),"Tambopata National Reserve (Tambopata, Peru)",none,after 6/18/2025,06/18/2025,"Graduate Opportunities, Undergraduate Opportunities"
Annual Report Wildlife Biologist,Plateau Land & Wildlife (State),"14101 Hwy 290 Suite 1300 (Austin, Texas)",Commensurate / Negotiable,after 6/23/2025,06/18/2025,N/A
Clear Fork Ranch Wildlife Specialist,Clear Fork Ranch (Private),"8642VG2P+QR (Albany, Texas)",Commensurate / Negotiable,after 7/1/2025,06/12/2025,N/A
"(Forthcoming) Postdoctoral Researcher and/or Field Technician position(s) in wildlife ecology at Brown University, Providence RI",University of Rhode Island (State),"Brown University (Providence, Rhode Island)",Commensurate / Negotiable,after 9/1/2025,06/11/2025,Faculty / Post-Doc Appointments
Range/Wildlife Conservationist,Wildlife Habitat Federation (Private),"El Campo, Texas | remote work allowed",$40 per hour,between 6/16/2025 and 8/1/2025,06/09/2025,N/A
Research Associate Specialist--Coastal Wetland Restoration,Louisiana State University (State),"404 Life Sciences Building (Baton Rouge, Louisiana)",Commensurate / Negotiable,after 7/1/2025,06/09/2025,N/A
Research Assistant/Associate,Auburn University (State),"Mobile, Alabama",Commensurate / Negotiable,between 7/1/2025 and 8/31/2025,06/05/2025,N/A
Assistant Professor – Environmental Soil Science,TAMU (State),The Rolling Plains (Texas),Commensurate / Negotiable,after 1/5/2026,06/05/2025,Faculty / Post-Doc Appointments
Visiting Assistant Professor of Biology - Vertebrate Biology,Adams State University (State),"208 Edgemont Blvd (Alamosa, Colorado)","$55,000 to $59,000 per year",after 8/16/2025,05/30/2025,Faculty / Post-Doc Appointments
"Fisheries Lab Manager - School of Natural Resources, University of Tennessee","University of Tennessee, Knoxville - School of Natural Resources, Fisheries (State)","University of Tennessee (Knoxville, Tennessee)",Commensurate / Negotiable,after 7/15/2025,05/23/2025,N/A
USDA Forest Service Social Science Research Fellowships for Landscape-Scale Restoration,Oak Ridge Associated Universities (ORAU) (Private),remote work allowed,Commensurate / Negotiable,after 7/1/2025,05/21/2025,Faculty / Post-Doc Appointments
Field Botanist Lead (Biologist) (Natural Resources and Environmental Consulting),"Althouse & Meade, Inc. (Private)","MMGG+66 Shandon, CA, USA (Shandon, California)",$35 to $55 per hour,after 2/3/2025,02/03/2025,N/A
Field Assistant working with wild parrots and macaws in Tambopata PERU,The Macaw Society (Private),"Tambopata National Reserve (Tambopata, Peru)",none,after 6/18/2025,10/24/2024,"Graduate Opportunities, Undergraduate Opportunities"
Biology Term Faculty Member,The College of Saint Benedict and Saint John's University (Private),"2580 Abbey Plaza (Collegeville, Minnesota)",Commensurate / Negotiable,after 8/1/2025,10/17/2024,N/A
Giraffe and Rhino Research Project - Internship in South Africa,WildComm Research Stations (Private),"Vivo, Limpopo, South Africa",none,between 9/4/2025 and 10/2/2025,06/16/2025,"Graduate Opportunities, Undergraduate Opportunities"
Ecologist I,"Corblu Ecology Group, LLC (Private)","65GP+R7 Hackleburg, AL, USA (Hackleburg, Alabama)","starting at $40,000 per year",after 6/16/2025,06/16/2025,N/A
Ecologist II,"Corblu Ecology Group, LLC (Private)","1118 Burks Ln, Mt Olive, AL 35117, USA (Mount Olive, Alabama)","starting at $50,000 per year",after 6/16/2025,06/16/2025,N/A
Wildlife Rehabilitation Internship,Treehouse Wildlife Center (Private),"23956 Green Acres Rd (Dow, Illinois)",none,after 7/2/2025,06/16/2025,"Graduate Opportunities, Undergraduate Opportunities"
Visiting Professor/Research Scientist - Carnivore Ecology,Sul Ross State University (State),"Alpine, Texas",Commensurate / Negotiable,after 8/20/2025,06/11/2025,Faculty / Post-Doc Appointments
FWC Imperiled Species Management Section Internship,Florida Fish & Wildlife Conservation Commission (State),"1875 Orange Ave East (Tallahassee, Florida)",none,after 8/22/2025,06/10/2025,"Graduate Opportunities, Undergraduate Opportunities"
Sr. Research Technician-Fisheries (Lake Sturgeon),Missouri Cooperative Fish & Wildlife Research Unit (State),"1111 Rollins Street (Columbia, Missouri)",$14.80 to $20.32 per hour,after 8/1/2025,06/03/2025,"Graduate Opportunities, Undergraduate Opportunities"
Gary Dietrich Wildlife Apprentice,SCWA (Private),"8444 Old River Road (Pinewood sc, South Carolina)",$7.50 to $8 per hour,after 7/1/2025,05/30/2025,N/A
Community Volunteer Ambassador - Cabrillo National Monument,Stewards Individual Placements (Private),"Cabrillo National Monument (San Diego, California)",$600 per week,after 9/8/2025,05/30/2025,N/A
Wildlife Biologist,Teya Development (Private),"Fort Irwin, California",$25 to $28 per hour,after 5/26/2025,05/27/2025,Undergraduate Opportunities
Conservation Ecologist,https://www.warrenccb.org/about/ (County),"15565 118th Street (Indianola, Iowa)",$26.92 to $29.16 per hour,after 7/1/2025,05/23/2025,N/A
Environmental Technician (Entry Level) – Travel-Based Field Work,The Carel Corporation (Private),"136 Pecan Street (Keller, Texas)","$48,000 to $50,000 per year",after 5/21/2025,05/21/2025,Undergraduate Opportunities
USDA-APHIS HPAI Modeling Fellowship,Oak Ridge Associated Universities (ORAU) (Private),"Manhattan, Kansas | remote work allowed",Commensurate / Negotiable,after 6/1/2025,05/21/2025,"Faculty / Post-Doc Appointments, Graduate Opportunities"
Senior Planner / Permitter (TRC),TRC Companies (Private),multiple | remote work allowed,"$88,000 to $145,000 per year",between 6/30/2025 and 7/7/2025,05/19/2025,N/A
Staff Planner / Permitter (Staff Environmental Planner - Permitting Specialist),TRC Companies (Private),multiple | remote work allowed,"$85,000 to $125,000 per year",between 6/30/2025 and 7/14/2025,05/19/2025,N/A
USDA-FS Forestry Greenhouse and Field Research for Ohia Disease Resistance Studies,Oak Ridge Associated Universities (ORAU) (Private),"Hilo, Hawaii",Commensurate / Negotiable,after 5/31/2025,05/15/2025,"Graduate Opportunities, Undergraduate Opportunities"
Environmental Services Project Manager,Center for Environmental Health Monitoring and Management dba CEHMM (Private),"505 N. Main St. (Carlsbad, New Mexico)","$75,000 to $133,000 per year",after 5/1/2025,04/30/2025,N/A
ONLINE COURSE: SEA TURTLE CONSERVATION AND RESEARCH METHODS,Center for Wildlife Studies (Private),remote work allowed,none,after 6/2/2025,03/13/2025,N/A
Season Tech/ Intern/ Hunting guide,Wildlife Systems (Private),Texas,"$1,900 to $2,200 per month",between 7/1/2025 and 8/11/2025,01/30/2025,"Graduate Opportunities, Undergraduate Opportunities"
"ONLINE COURSE: BAT ECOLOGY, CONSERVATION, & MANAGEMENT METHODS",Center for Wildlife Studies (Private),remote work allowed,none,after 6/2/2025,01/17/2025,N/A
Inland Fisheries Management Seasonal Research Assistant,Connecticut Department of Energy and Environmental Protection (State),multiple,$16.35 to $20 per hour,between 2/7/2025 and 10/1/2025,01/03/2025,N/A
"USDA-ARS Interdisciplinary Experience in Plant Pathology, Microbiology and Chemistry",Oak Ridge Associated Universities (ORAU) (Private),"Peoria, Illinois",Commensurate / Negotiable,after 9/22/2025,01/03/2025,N/A
Marine Turtle Intern/Research Assistant/Research Fellow,Canadian Organisation for Tropical Education and Rainforest Conservation (Private),multiple,none,between 5/1/2025 and 8/30/2025,11/20/2024,"Graduate Opportunities, Undergraduate Opportunities"
Bird bander,Michigan State University (State),"Bath, Michigan",$15 to $16 per hour,between 8/13/2025 and 8/15/2025,06/16/2025,N/A
Aquatic Macroinvertebrate Temporary Research Technician,University of Georgia (State),Savannah River Ecology Laboratory (South Carolina),$15 to $20 per hour,after 8/25/2025,06/13/2025,Undergraduate Opportunities
Lecturer in Political Ecology,The School for Field Studies (Private),"Tarapoto, peru",Commensurate / Negotiable,between 7/31/2025 and 8/2/2025,06/09/2025,Faculty / Post-Doc Appointments
Waterfront and Program Assistant,The School for Field Studies (Private),"South Caicos, Turks and Caicos","$12,000 per year",between 8/22/2025 and 8/24/2025,06/09/2025,"Graduate Opportunities, Undergraduate Opportunities"
Western Pollinator Habitat Manager,Pollinator Partnership (Private),California | remote work allowed,"$65,000 to $75,000 per year",after 7/14/2025,06/09/2025,N/A
Environmental Education Fellowship Coordinator,Osprey Wilds Environmental Learning Center (Private),"54165 Audubon Drive (Sandstone, Minnesota)","starting at $44,000 per year",after 6/4/2025,06/06/2025,N/A
Assistant Dam Safety Engineer,The Virginia Department of Conservation and Recreation (State),"600 e main street (richmond, Virginia)","$75,000 to $85,000 per year",after 7/25/2025,06/05/2025,Graduate Opportunities
Consortium for Cooperative Ecological Resilience - Research Ecologist II,Sault Ste. Marie Tribe of Chippewa Indian - Wildlife Program (Federal),"2428 Shunk Rd (Sault Ste. Marie, Michigan)","$70,977 per year",9/1/2025,06/05/2025,N/A
"M.S. Assistantship: Pronghorn Movement Ecology, New Mexico",New Mexico State University (State),"Las Cruces, New Mexico","starting at $27,800 per year",after 8/20/2025,06/05/2025,Graduate Opportunities
MS Opportunity - Trends in Common Bottlenose Dolphin Demography in Biscayne Bay,Colorado State University (State),"Colorado State University (Fort Collins, Colorado)","$2,600 to $2,800 per month",after 8/18/2025,06/03/2025,Graduate Opportunities
Greater Sage-Grouse Technician-Wyoming,University of Wyoming (State),"Point of Rocks, Wyoming",Commensurate / Negotiable,between 6/22/2025 and 8/15/2025,06/02/2025,Undergraduate Opportunities
Bird Outcomes Assessment Tech - Alabama or Mississippi,"Pheasants Forever, Inc (Private)",multiple,"$45,000 per year",after 6/30/2025,05/30/2025,Graduate Opportunities
"Environmental Compliance Technician - AFCEC offices at JBSA, TX",Colorado State University - Center for Environmental Management of Military Lands (State),Joint Base San Antonio-Camp Bullis (Texas),"$40,000 to $43,000 per year",after 7/14/2025,05/29/2025,N/A
ONLINE COURSE: BEHAVIOR CHANGE FOR SUSTAINABLE IMPACT,Center for Wildlife Studies (Private),remote work allowed,none,after 7/7/2025,05/28/2025,N/A
ONLINE COURSE: LANDSCAPE PLANNING,Center for Wildlife Studies (Private),remote work allowed,none,after 9/22/2025,05/28/2025,N/A
Senior Wetland Scientist,TRC Companies (Private),multiple | remote work allowed,"$95,000 to $130,000 per year",between 6/30/2025 and 7/14/2025,05/19/2025,N/A
Environmental Project Manager,Stoney Ridge Environmental LLC. (Private),"8 Kiana Road (Alton, New Hampshire)",Commensurate / Negotiable,after 6/1/2025,05/16/2025,Graduate Opportunities
USDA-FS Air Quality Bioindicators,Oak Ridge Associated Universities (ORAU) (Private),multiple,Commensurate / Negotiable,after 7/1/2025,05/15/2025,"Faculty / Post-Doc Appointments, Graduate Opportunities, Undergraduate Opportunities"
Applied Landscape Ecologist,Santa Barbara County Fire Safe Council (Private),"Santa Barbara, California","$104,000 to $110,000 per year",between 6/30/2025 and 7/5/2025,05/14/2025,Graduate Opportunities
Fisheries Biologist II,Sault Ste. Marie Tribe of Chippewa Indians (Tribal Government),"Sault Ste. Marie, Michigan","starting at $70,977.09 per year",7/1/2025,05/07/2025,N/A
"Flying A Ranch Fall Internship / Hunting Guide, Bandera Texas",Flying A Ranch (Keith Lake) (Private),"1919 State Hwy 173 South (Bandera, Texas)","starting at $1,700 per month",after 8/11/2025,05/06/2025,"Graduate Opportunities, Undergraduate Opportunities"
ONLINE COURSE: PLANT IDENTIFICATION FOR WILDLIFE BIOLOGISTS,Center for Wildlife Studies (Private),remote work allowed,none,after 5/27/2025,04/29/2025,N/A
USDA-FS Full-stack Development in Wildland Fire and Smoke Science Software Applications,Oak Ridge Associated Universities (ORAU) (Private),"Seattle, Washington",Commensurate / Negotiable,after 6/1/2025,04/29/2025,"Faculty / Post-Doc Appointments, Graduate Opportunities, Undergraduate Opportunities"
Deer Capture Technician,George Wittemyer (State),"1474 campus delivery; Fort Collins, CO 80523 (Fort Collins, Colorado)","$3,000 to $3,350 per month",between 8/1/2025 and 9/15/2025,04/25/2025,"Graduate Opportunities, Undergraduate Opportunities"
Senior Biologist,National Audubon Society (Private),"Tavernier, Florida","$71,711 to $80,681 per year",between 4/18/2025 and 6/27/2025,04/21/2025,N/A
Senior Water Resources Engineer,WRA Inc. (Private),multiple | remote work allowed,"$117,000 to $161,000 per year",after 5/30/2025,04/10/2025,N/A
Fish Passage Biologist I,Quileute Natural Resources (Tribal Government),"La Push, Washington","$55,000 to $70,000 per year",after 4/1/2025,04/01/2025,Graduate Opportunities
ONLINE COURSE: SPATIAL ANALYSIS IN QGIS,Center for Wildlife Studies (Private),remote work allowed,none,after 6/3/2025,03/13/2025,N/A
ONLINE COURSE: GEOSPATIAL MODELING WITH QGIS AND R,Center for Wildlife Studies (Private),remote work allowed,none,after 6/3/2025,03/13/2025,N/A
ONLINE COURSE: INTRODUCTION TO REMOTE SENSING,Center for Wildlife Studies (Private),remote work allowed,none,after 6/3/2025,03/13/2025,N/A
NOAA Harmful Algal Bloom Laboratory and Field Support Research Fellowship,Oak Ridge Associated Universities (ORAU) (Private),"Kodiak, Alaska",Commensurate / Negotiable,after 9/30/2025,03/03/2025,N/A
USDA-FS Risk Assessment for Forests and Wildlife,Oak Ridge Associated Universities (ORAU) (Private),multiple,Commensurate / Negotiable,after 9/1/2025,02/21/2025,N/A
Research Associate (Researcher I),Utah Forest Restoration Institute (State),"Logan, Utah","starting at $44,880 per year",after 6/17/2025,06/18/2025,N/A
Director of Learning and Engagement,Reef Environmental Education Foundation (REEF) (Private),"98380 Overseas Hwy (Key Largo, Florida)","$52,000 to $60,000 per year",after 7/1/2025,06/16/2025,N/A
OPS Biological Scientist III,Florida Fish and Wildlife Conservation Commission (State),"Tallahassee, Florida",starting at $21.63 per hour,after 8/8/2025,06/16/2025,N/A
FEDERAL AID ADMINISTRATOR,STATE OF NH FISH AND GAME (State),"11 Hazen Drive (Concord, New Hampshire)",$31.33 to $42.60 per hour,6/26/2025,06/09/2025,N/A
Archeologist Project Organizer - Temporary,Conservation Legacy (Private),"11776 Highway 337 (Tijeras, New Mexico)",$30 per hour,after 8/18/2025,06/05/2025,N/A
Senior Conservation Research Assistant,SEED Madagascar (Private),"Fort Dauphin, Madagascar",Commensurate / Negotiable,after 9/1/2025,06/05/2025,N/A
Coastal Wetlands Research Ecologist,"Nantucket Conservation Foundation, Inc. (Private)","118 Cliff Rd (Nantucket, Massachusetts)","$80,000 per year",between 7/25/2025 and 8/8/2025,06/04/2025,N/A
TPWD - Natural Resources Specialist I-II-III (WMA Wildlife Biologist) (00049991),Texas Parks and Wildlife Department (State),"Matador Wildlife Management Area, 3036 FM 3256 (Paducah, Texas)","$4,504.18 to $5,824.14 per month",after 8/1/2025,06/16/2025,N/A
Scientist I (Part-Time),Resource Environmental Solutions (Private),multiple,Commensurate / Negotiable,after 8/1/2025,06/13/2025,Graduate Opportunities
"IA Wildlife Management Specialist (Riverton, Iowa)",Pheasants Forever and Quail Forever (Federal),"Iowa DNR Nishnabotna Wildlife Area (Riverton, Iowa)",starting at $17 per hour,after 6/25/2025,06/12/2025,N/A
"IA Wildlife Management Specialist (Parkersburg, Iowa)",Pheasants Forever and Quail Forever (Federal),"Iowa DNR Big Marsh Wildlife Area (Parkersburg, Iowa)",starting at $17 per hour,after 6/25/2025,06/12/2025,N/A
RESEARCH SCIENTIST III (EPIDEMIOLOGY/BIOSTATISTICS) - Quantitative Ecologist,California Department of Fish and Wildlife (State),"1010 Riverside Parkway, West Sacramento, CA 95605 (West Sacramento, CA 95605, California) | remote work allowed","$8,045 to $10,364 per month",between 7/28/2025 and 7/28/2026,06/11/2025,Graduate Opportunities
Postdoc opportunity: Molecular Monitoring of Aquatic Ecosystems,Cornell University (State),"Ithaca, New York | remote work allowed",Commensurate / Negotiable,between 7/16/2025 and 9/15/2025,06/11/2025,Faculty / Post-Doc Appointments
Oak Creek Wildlife Area Assistant Manager - Fish & Wildlife Biologist 2 - Permanent - *03885-25,Washington Department of Fish & Wildlife (State),"Naches, Washington","$4,410 to $5,928 per month",after 7/16/2025,06/09/2025,N/A
Headwaters Science Institute School Program and Summer Camp Coordinator Job,Headwaters Science Institute (Private),"Truckee, California",$28 to $32 per hour,between 7/28/2025 and 9/1/2025,06/06/2025,Graduate Opportunities
Natural Resources Specialist I - II - III (Galveston Bay Ecosystem Biologist) (00050311),Texas Parks & Wildlife Department (State),"Dickinson, 77539, Texas","$3,899.17 to $5,824.14 per month",after 6/24/2025,06/04/2025,N/A
Field Technician for Hawai'i VINE Project,University of Wyoming (State),"Mililani, Hawaii",$14 per hour,between 8/1/2025 and 11/30/2025,05/28/2025,N/A
Animal Discoveries Internship - TEXAS,Fossil Rim Wildlife Center (Private),"Fossil Rim Wildlife (GLEN ROSE, Texas)",starting at $300 per month,after 1/1/2026,05/28/2025,N/A
Geospatial Systems Coordinator,Texas A&M Forest Service (State),"200 Technology Way (College Station, Texas)","starting at $86,100 per year",after 8/1/2025,05/23/2025,N/A
Coral Restoration Intern,Reef Renewal USA (Private),Florida Keys (Florida),starting at $900 per month,after 10/2/2025,05/22/2025,Undergraduate Opportunities
Oyster Hatchery Project Manager,A.I.S. Inc. (Private),"Milford, Connecticut",Commensurate / Negotiable,after 7/7/2025,05/12/2025,"Graduate Opportunities, Undergraduate Opportunities"
"Project Manager, Water Resources",WRA Inc. (Private),California,"$125,000 to $161,000 per year",after 5/1/2025,04/25/2025,N/A
Postdoctoral Researcher Everglades Coastal Fisheries,Florida International University (Private),"FIU Campus (Miami) and SNFRC (Homestead) (Miami, Florida) | remote work allowed","$61,000 to $64,000 per year",after 4/22/2025,04/23/2025,Faculty / Post-Doc Appointments
Research Assistants for our Sea Turtle program internship (2025),Centro de Rescate de Especies Marinas Amenazadas (CREMA) (Private),"RM89+4M Provincia de Guanacaste, Nandayure, Costa Rica (Costa Rica)",none,after 7/7/2025,04/16/2025,N/A
ONLINE COURSE: INTRODUCTION TO CONSERVATION STANDARDS,Center for Wildlife Studies (Private),remote work allowed,none,after 7/9/2025,04/07/2025,N/A
NOAA Surveillance for the Presence of Algal Toxins in Food Webs Summer Fellowship,Oak Ridge Associated Universities (ORAU) (Private),"Seattle, Washington",Commensurate / Negotiable,after 5/19/2025,03/28/2025,Undergraduate Opportunities
Sea Turtle Conservation Short-term Field Internship,Osa Conservation (Private),Costa Rica,none,after 5/1/2025,03/11/2025,Undergraduate Opportunities
INTERNSHIP - von Arx Wildlife Hospital,The Conservancy of Southwest Florida (County),"1495 Smith Preserve Way (Naples , Florida)",$150 per week,between 7/21/2025 and 7/25/2025,02/06/2025,N/A
Wildlife Images Rehabilitation and Education Center,Intern Coordinator (Private),"11845 LOWER RIVER ROAD (Grants Pass, Oregon)",none,between 4/1/2025 and 5/1/2026,01/17/2025,Undergraduate Opportunities
SEATRU 2025 Sea Turtle Conservation Internship Position,Sea Turtle Research Unit (State),Chagar Hutang Turtle Sanctuary (Malaysia),none,after 4/20/2025,01/01/2025,N/A
Assistant Professor of Aquatic Biology and Limnology,Mississippi State University (State),"82 Stoneville Road (Stoneville, Mississippi)",Commensurate / Negotiable,after 4/1/2025,10/16/2024,Faculty / Post-Doc Appointments
Forest Wildlife Specialist,Ruffed Grouse Society (Private),"Rhinelander, Wisconsin","$50,000 to $55,000 per year",after 8/1/2025,06/20/2025,N/A
eeCorps Generation Wild Outdoor Educator - The Nature Connection,Colorado Alliance for Environmental Education (Private),"397 Miners Way (Hotchkiss, Colorado)","$2,238.04 per month",9/2/2025,06/16/2025,N/A
Aquarist / Marine Science Educator Internship housing and utilities included,Gulf Specimen Marine Lab (Private),"222 Clark Drive (Panacea , Florida)",none,after 8/1/2025,03/11/2025,"Graduate Opportunities, Undergraduate Opportunities"
Biological Science Technician-Ohio,USDA/APHIS/Wildlife Services-Ohio (Federal),multiple,"$36,825 to $60,896 per year",after 6/30/2025,06/20/2025,N/A
Biological Science Technician,US Dept. of Ag. Wildlife Services (Federal),"2300 N Cameron St, Harrisburg, PA 17110, USA (Harrisburg, Pennsylvania)","$41,148 to $59,628 per year",between 7/27/2025 and 8/10/2025,06/18/2025,N/A
Biological Science Technician (Wildlife) - FLORIDA - 4 Vacancies,United States Department of Agriculture - Wildlife Services (Federal),Florida,"$40,332 to $58,879 per year",after 8/10/2025,06/16/2025,N/A
Wildlife Specialist,United States Department of Agriculture - Wildlife Services (Federal),Florida,"$40,332 to $58,879 per year",after 8/1/2025,06/12/2025,N/A
Land Between the Lakes NRA Recreation and Fire Prevention Crew - AmeriCorps Crew Member,Southeast Conservation Corps (Private),"Chattanooga , Tennessee",$700 per week,8/25/2025,06/11/2025,N/A
Biological Science Technician (Wildlife),USDA APHIS Wildlife Services (Federal),Scotch Plains,"$42,482 to $68,874 per year",after 7/21/2025,06/05/2025,N/A
Conservation Officer,Idaho Department of Fish and Game (State),Idaho,starting at $27.86 per hour,after 9/14/2025,06/03/2025,N/A
Strike Team Crew Member,Southeast Conservation Corps (Private),"2001 N Chamberlain Ave Suite 400 (Chattanooga , Tennessee)",$600 per week,8/18/2025,05/29/2025,N/A
Fall Conservation Corps Crew Member,Southeast Conservation Corps (Private),"2001 N Chamberlain Ave Suite 400 (Chattanooga, Tennessee)",$600 per week,8/18/2025,05/29/2025,N/A
Cultural Resources Lead,SummitWest Environmental (Private),remote work allowed,$32 to $42 per hour,after 5/13/2025,05/14/2025,N/A
Senior Cultural Resources Lead,SummitWest Environmental (Private),remote work allowed,$42 to $55 per hour,after 2/4/2025,02/04/2025,N/A
